,Age Group,weighted_average_percentage
0,0-9,14.675634432014416
1,10-19,13.400937983618315
2,20-49,17.56962266441317
3,50-64,27.566227092580338
4,65+,56.566568428808246
